{
  "version": "v20260205202620",
  "created_at": "2026-02-05T20:26:23.384803",
  "rmsle": 0.3523002989104821,
  "rmse": 339.5967930196564,
  "mae": 193.86938781463823,
  "r2": 0.742535713095884,
  "train_rmse": 334.7827316353103,
  "overfitting": 4.814061384346076
}