{
  "version": "v20260205115342",
  "created_at": "2026-02-05T11:53:43.075391",
  "rmsle": 0.3679799702297808,
  "rmse": 373.78979025173624,
  "mae": 209.09632548005663,
  "r2": 0.6900387229231134,
  "train_rmse": 361.3515408871265,
  "overfitting": 12.43824936460976
}