{
  "version": "v20260205185031",
  "created_at": "2026-02-05T18:50:31.814255",
  "rmsle": 0.3505924526187662,
  "rmse": 348.49857718799655,
  "mae": 192.3781068428456,
  "r2": 0.730564640120137,
  "train_rmse": 333.1853891499693,
  "overfitting": 15.31318803802725
}